"Island","Sedimentation_rate","Fish_density","Ocean_pollution","Pop10k_decay","inorganics","Year","MMM_Chla","Max_DHW","LIT_Number","Site_Number","percent_bleached","Secchi_disc","Max_depth","water_clarity"
"Anaipar",44.81,669.5,0.242581636,0.00215595370769138,3.40102005,2010,2.41237378120422,4.54999989829957,1,1,0.174303347671592,2.1,3,0.7
"Anaipar",44.81,669.5,0.242581636,0.00215595370769138,3.40102005,2010,2.41237378120422,4.54999989829957,2,1,0.176789814235024,2.1,3,0.7
"Anaipar",44.81,669.5,0.242581636,0.00215595370769138,3.40102005,2010,2.41237378120422,4.54999989829957,3,1,0.176192086574231,2.1,3,0.7
"Anaipar",44.81,669.5,0.242581636,0.00215595370769138,3.40102005,2010,2.41237378120422,4.54999989829957,1,2,0.178645749959981,2.3,3,0.766666666666667
"Anaipar",44.81,669.5,0.242581636,0.00215595370769138,3.40102005,2010,2.41237378120422,4.54999989829957,2,2,0.182755153343389,2.3,3,0.766666666666667
"Anaipar",44.81,669.5,0.242581636,0.00215595370769138,3.40102005,2010,2.41237378120422,4.54999989829957,3,2,0.178175313059034,2.3,3,0.766666666666667
"Anaipar",44.81,669.5,0.242581636,0.00215595370769138,3.40102005,2010,2.41237378120422,4.54999989829957,1,3,0.176377952755906,2.7,3.5,0.771428571428571
"Anaipar",44.81,669.5,0.242581636,0.00215595370769138,3.40102005,2010,2.41237378120422,4.54999989829957,2,3,0.178823529411765,2.7,3.5,0.771428571428571
"Anaipar",44.81,669.5,0.242581636,0.00215595370769138,3.40102005,2010,2.41237378120422,4.54999989829957,3,3,0.177196341203999,2.7,3.5,0.771428571428571
"Anaipar",44.81,669.5,0.242581636,0.00215595370769138,3.40102005,2010,2.41237378120422,4.54999989829957,1,4,0.179195804195804,2.5,3.5,0.714285714285714
"Anaipar",44.81,669.5,0.242581636,0.00215595370769138,3.40102005,2010,2.41237378120422,4.54999989829957,2,4,0.181731684110371,2.5,3.5,0.714285714285714
"Anaipar",44.81,669.5,0.242581636,0.00215595370769138,3.40102005,2010,2.41237378120422,4.54999989829957,3,4,0.183539258668792,2.5,3.5,0.714285714285714
"Anaipar",44.81,669.5,0.242581636,0.00215595370769138,3.40102005,2016,2.39833092689514,7.76999982632697,1,1,0.425176383215745,2.1,3,0.7
"Anaipar",44.81,669.5,0.242581636,0.00215595370769138,3.40102005,2016,2.39833092689514,7.76999982632697,2,1,0.390007062146893,2.1,3,0.7
"Anaipar",44.81,669.5,0.242581636,0.00215595370769138,3.40102005,2016,2.39833092689514,7.76999982632697,3,1,0.362873516168645,2.1,3,0.7
"Anaipar",44.81,669.5,0.242581636,0.00215595370769138,3.40102005,2016,2.39833092689514,7.76999982632697,1,2,0.426291587773871,2.1,3,0.7
"Anaipar",44.81,669.5,0.242581636,0.00215595370769138,3.40102005,2016,2.39833092689514,7.76999982632697,2,2,0.490387976232087,2.1,3,0.7
"Anaipar",44.81,669.5,0.242581636,0.00215595370769138,3.40102005,2016,2.39833092689514,7.76999982632697,3,2,0.404426559356137,2.1,3,0.7
"Anaipar",44.81,669.5,0.242581636,0.00215595370769138,3.40102005,2016,2.39833092689514,7.76999982632697,1,3,0.433220009713453,2.1,3.5,0.6
"Anaipar",44.81,669.5,0.242581636,0.00215595370769138,3.40102005,2016,2.39833092689514,7.76999982632697,2,3,0.482215585120825,2.1,3.5,0.6
"Anaipar",44.81,669.5,0.242581636,0.00215595370769138,3.40102005,2016,2.39833092689514,7.76999982632697,3,3,0.44874022589053,2.1,3.5,0.6
"Anaipar",44.81,669.5,0.242581636,0.00215595370769138,3.40102005,2016,2.39833092689514,7.76999982632697,1,4,0.435934402595062,2.1,3.5,0.6
"Anaipar",44.81,669.5,0.242581636,0.00215595370769138,3.40102005,2016,2.39833092689514,7.76999982632697,2,4,0.426629680998613,2.1,3.5,0.6
"Anaipar",44.81,669.5,0.242581636,0.00215595370769138,3.40102005,2016,2.39833092689514,7.76999982632697,3,4,0.434426229508197,2.1,3.5,0.6
"Appa",45.59,857.83,0.18402674,0.000452607574973492,0.3963171315,2010,1.90797591209412,4.52999989874661,1,1,0.128988227264972,1.3,2.5,0.52
"Appa",45.59,857.83,0.18402674,0.000452607574973492,0.3963171315,2010,1.90797591209412,4.52999989874661,2,1,0.138338604960879,1.3,2.5,0.52
"Appa",45.59,857.83,0.18402674,0.000452607574973492,0.3963171315,2010,1.90797591209412,4.52999989874661,3,1,0.169967532467532,1.3,2.5,0.52
"Appa",45.59,857.83,0.18402674,0.000452607574973492,0.3963171315,2010,1.90797591209412,4.52999989874661,1,2,0.121228352079986,1.4,3.5,0.4
"Appa",45.59,857.83,0.18402674,0.000452607574973492,0.3963171315,2010,1.90797591209412,4.52999989874661,2,2,0.162479957242117,1.4,3.5,0.4
"Appa",45.59,857.83,0.18402674,0.000452607574973492,0.3963171315,2010,1.90797591209412,4.52999989874661,3,2,0.183153138615459,1.4,3.5,0.4
"Appa",45.59,857.83,0.18402674,0.000452607574973492,0.3963171315,2010,1.90797591209412,4.52999989874661,1,3,0.175693723104318,1.2,4,0.3
"Appa",45.59,857.83,0.18402674,0.000452607574973492,0.3963171315,2010,1.90797591209412,4.52999989874661,2,3,0.104957477701722,1.2,4,0.3
"Appa",45.59,857.83,0.18402674,0.000452607574973492,0.3963171315,2010,1.90797591209412,4.52999989874661,3,3,0.184090551800031,1.2,4,0.3
"Appa",45.59,857.83,0.18402674,0.000452607574973492,0.3963171315,2010,1.90797591209412,4.52999989874661,1,4,0.108260105448155,1.3,4,0.325
"Appa",45.59,857.83,0.18402674,0.000452607574973492,0.3963171315,2010,1.90797591209412,4.52999989874661,2,4,0.147198313718602,1.3,4,0.325
"Appa",45.59,857.83,0.18402674,0.000452607574973492,0.3963171315,2010,1.90797591209412,4.52999989874661,3,4,0.120950704225352,1.3,4,0.325
"Appa",45.59,857.83,0.18402674,0.000452607574973492,0.3963171315,2016,1.54532432556152,8.59999980777502,1,1,0.681593486478627,1.1,2.5,0.44
"Appa",45.59,857.83,0.18402674,0.000452607574973492,0.3963171315,2016,1.54532432556152,8.59999980777502,2,1,0.655389286488831,1.1,2.5,0.44
"Appa",45.59,857.83,0.18402674,0.000452607574973492,0.3963171315,2016,1.54532432556152,8.59999980777502,3,1,0.676611934321185,1.1,2.5,0.44
"Appa",45.59,857.83,0.18402674,0.000452607574973492,0.3963171315,2016,1.54532432556152,8.59999980777502,1,2,0.657994923857868,1.1,3.5,0.314285714285714
"Appa",45.59,857.83,0.18402674,0.000452607574973492,0.3963171315,2016,1.54532432556152,8.59999980777502,2,2,0.658830620855937,1.1,3.5,0.314285714285714
"Appa",45.59,857.83,0.18402674,0.000452607574973492,0.3963171315,2016,1.54532432556152,8.59999980777502,3,2,0.663948876156897,1.1,3.5,0.314285714285714
"Appa",45.59,857.83,0.18402674,0.000452607574973492,0.3963171315,2016,1.54532432556152,8.59999980777502,1,3,0.662368112543962,1,4,0.25
"Appa",45.59,857.83,0.18402674,0.000452607574973492,0.3963171315,2016,1.54532432556152,8.59999980777502,2,3,0.659124866595518,1,4,0.25
"Appa",45.59,857.83,0.18402674,0.000452607574973492,0.3963171315,2016,1.54532432556152,8.59999980777502,3,3,0.661898839137645,1,4,0.25
"Appa",45.59,857.83,0.18402674,0.000452607574973492,0.3963171315,2016,1.54532432556152,8.59999980777502,1,4,0.632044198895028,1.2,4,0.3
"Appa",45.59,857.83,0.18402674,0.000452607574973492,0.3963171315,2016,1.54532432556152,8.59999980777502,2,4,0.615981380915438,1.2,4,0.3
"Appa",45.59,857.83,0.18402674,0.000452607574973492,0.3963171315,2016,1.54532432556152,8.59999980777502,3,4,0.663873829472647,1.2,4,0.3
"Hare",41.12,716.5,0.242704779,0.000608029659679608,0.6749257595,2010,2.69823217391968,4.28999990411103,1,1,0.285401139850943,1.9,2,0.95
"Hare",41.12,716.5,0.242704779,0.000608029659679608,0.6749257595,2010,2.69823217391968,4.28999990411103,2,1,0.312455851189075,1.9,2,0.95
"Hare",41.12,716.5,0.242704779,0.000608029659679608,0.6749257595,2010,2.69823217391968,4.28999990411103,3,1,0.304482225656878,1.9,2,0.95
"Hare",41.12,716.5,0.242704779,0.000608029659679608,0.6749257595,2010,2.69823217391968,4.28999990411103,1,2,0.300340403246923,1.8,3,0.6
"Hare",41.12,716.5,0.242704779,0.000608029659679608,0.6749257595,2010,2.69823217391968,4.28999990411103,2,2,0.28403449176901,1.8,3,0.6
"Hare",41.12,716.5,0.242704779,0.000608029659679608,0.6749257595,2010,2.69823217391968,4.28999990411103,3,2,0.295134272799787,1.8,3,0.6
"Hare",41.12,716.5,0.242704779,0.000608029659679608,0.6749257595,2010,2.69823217391968,4.28999990411103,1,3,0.269947582993593,2.4,3.5,0.685714285714286
"Hare",41.12,716.5,0.242704779,0.000608029659679608,0.6749257595,2010,2.69823217391968,4.28999990411103,2,3,0.329869437783107,2.4,3.5,0.685714285714286
"Hare",41.12,716.5,0.242704779,0.000608029659679608,0.6749257595,2010,2.69823217391968,4.28999990411103,3,3,0.313896336014298,2.4,3.5,0.685714285714286
"Hare",41.12,716.5,0.242704779,0.000608029659679608,0.6749257595,2010,2.69823217391968,4.28999990411103,1,4,0.345184836355074,2.7,4,0.675
"Hare",41.12,716.5,0.242704779,0.000608029659679608,0.6749257595,2010,2.69823217391968,4.28999990411103,2,4,0.200560448358687,2.7,4,0.675
"Hare",41.12,716.5,0.242704779,0.000608029659679608,0.6749257595,2010,2.69823217391968,4.28999990411103,3,4,0.253843121797398,2.7,4,0.675
"Hare",41.12,716.5,0.242704779,0.000608029659679608,0.6749257595,2016,2.54260659217834,8.96999979950488,1,1,0.977766152236463,1.4,2,0.7
"Hare",41.12,716.5,0.242704779,0.000608029659679608,0.6749257595,2016,2.54260659217834,8.96999979950488,2,1,0.975114060555786,1.4,2,0.7
"Hare",41.12,716.5,0.242704779,0.000608029659679608,0.6749257595,2016,2.54260659217834,8.96999979950488,3,1,0.970524017467249,1.4,2,0.7
"Hare",41.12,716.5,0.242704779,0.000608029659679608,0.6749257595,2016,2.54260659217834,8.96999979950488,1,2,0.973109243697479,1.8,3,0.6
"Hare",41.12,716.5,0.242704779,0.000608029659679608,0.6749257595,2016,2.54260659217834,8.96999979950488,2,2,0.972477064220183,1.8,3,0.6
"Hare",41.12,716.5,0.242704779,0.000608029659679608,0.6749257595,2016,2.54260659217834,8.96999979950488,3,2,0.976464295266114,1.8,3,0.6
"Hare",41.12,716.5,0.242704779,0.000608029659679608,0.6749257595,2016,2.54260659217834,8.96999979950488,1,3,0.972171532846715,2,3.5,0.571428571428571
"Hare",41.12,716.5,0.242704779,0.000608029659679608,0.6749257595,2016,2.54260659217834,8.96999979950488,2,3,0.973574408901252,2,3.5,0.571428571428571
"Hare",41.12,716.5,0.242704779,0.000608029659679608,0.6749257595,2016,2.54260659217834,8.96999979950488,3,3,0.985877403846154,2,3.5,0.571428571428571
"Hare",41.12,716.5,0.242704779,0.000608029659679608,0.6749257595,2016,2.54260659217834,8.96999979950488,1,4,0.976405733186329,2,4,0.5
"Hare",41.12,716.5,0.242704779,0.000608029659679608,0.6749257595,2016,2.54260659217834,8.96999979950488,2,4,0.975208333333333,2,4,0.5
"Hare",41.12,716.5,0.242704779,0.000608029659679608,0.6749257595,2016,2.54260659217834,8.96999979950488,3,4,0.968950064020487,2,4,0.5
"Kariyachalli",43.75,1079.33,0.952012685,0.00635211529114532,76.122276305,2010,2.91545367240906,2.72999993897974,1,1,0.271654226696754,1.7,3,0.566666666666667
"Kariyachalli",43.75,1079.33,0.952012685,0.00635211529114532,76.122276305,2010,2.91545367240906,2.72999993897974,2,1,0.27142619404227,1.7,3,0.566666666666667
"Kariyachalli",43.75,1079.33,0.952012685,0.00635211529114532,76.122276305,2010,2.91545367240906,2.72999993897974,3,1,0.277510476486109,1.7,3,0.566666666666667
"Kariyachalli",43.75,1079.33,0.952012685,0.00635211529114532,76.122276305,2010,2.91545367240906,2.72999993897974,1,2,0.27089552238806,1.8,3,0.6
"Kariyachalli",43.75,1079.33,0.952012685,0.00635211529114532,76.122276305,2010,2.91545367240906,2.72999993897974,2,2,0.273636363636364,1.8,3,0.6
"Kariyachalli",43.75,1079.33,0.952012685,0.00635211529114532,76.122276305,2010,2.91545367240906,2.72999993897974,3,2,0.275086191253856,1.8,3,0.6
"Kariyachalli",43.75,1079.33,0.952012685,0.00635211529114532,76.122276305,2010,2.91545367240906,2.72999993897974,1,3,0.254906597304327,2.1,3.5,0.6
"Kariyachalli",43.75,1079.33,0.952012685,0.00635211529114532,76.122276305,2010,2.91545367240906,2.72999993897974,2,3,0.263452914798206,2.1,3.5,0.6
"Kariyachalli",43.75,1079.33,0.952012685,0.00635211529114532,76.122276305,2010,2.91545367240906,2.72999993897974,3,3,0.261273209549072,2.1,3.5,0.6
"Kariyachalli",43.75,1079.33,0.952012685,0.00635211529114532,76.122276305,2010,2.91545367240906,2.72999993897974,1,4,0.283578104138852,2,3,0.666666666666667
"Kariyachalli",43.75,1079.33,0.952012685,0.00635211529114532,76.122276305,2010,2.91545367240906,2.72999993897974,2,4,0.287945339189849,2,3,0.666666666666667
"Kariyachalli",43.75,1079.33,0.952012685,0.00635211529114532,76.122276305,2010,2.91545367240906,2.72999993897974,3,4,0.289930555555556,2,3,0.666666666666667
"Kariyachalli",43.75,1079.33,0.952012685,0.00635211529114532,76.122276305,2016,2.78506731987,7.2899998370558,1,1,0.515239759270045,1.5,3,0.5
"Kariyachalli",43.75,1079.33,0.952012685,0.00635211529114532,76.122276305,2016,2.78506731987,7.2899998370558,2,1,0.495767086516622,1.5,3,0.5
"Kariyachalli",43.75,1079.33,0.952012685,0.00635211529114532,76.122276305,2016,2.78506731987,7.2899998370558,3,1,0.523544109167788,1.5,3,0.5
"Kariyachalli",43.75,1079.33,0.952012685,0.00635211529114532,76.122276305,2016,2.78506731987,7.2899998370558,1,2,0.523219814241486,1.5,3,0.5
"Kariyachalli",43.75,1079.33,0.952012685,0.00635211529114532,76.122276305,2016,2.78506731987,7.2899998370558,2,2,0.501304509877003,1.5,3,0.5
"Kariyachalli",43.75,1079.33,0.952012685,0.00635211529114532,76.122276305,2016,2.78506731987,7.2899998370558,3,2,0.472664918297357,1.5,3,0.5
"Kariyachalli",43.75,1079.33,0.952012685,0.00635211529114532,76.122276305,2016,2.78506731987,7.2899998370558,1,3,0.560806916426513,1.9,3.5,0.542857142857143
"Kariyachalli",43.75,1079.33,0.952012685,0.00635211529114532,76.122276305,2016,2.78506731987,7.2899998370558,2,3,0.540236866079563,1.9,3.5,0.542857142857143
"Kariyachalli",43.75,1079.33,0.952012685,0.00635211529114532,76.122276305,2016,2.78506731987,7.2899998370558,3,3,0.550094010206822,1.9,3.5,0.542857142857143
"Kariyachalli",43.75,1079.33,0.952012685,0.00635211529114532,76.122276305,2016,2.78506731987,7.2899998370558,1,4,0.551546391752577,1.9,3,0.633333333333333
"Kariyachalli",43.75,1079.33,0.952012685,0.00635211529114532,76.122276305,2016,2.78506731987,7.2899998370558,2,4,0.568917901079588,1.9,3,0.633333333333333
"Kariyachalli",43.75,1079.33,0.952012685,0.00635211529114532,76.122276305,2016,2.78506731987,7.2899998370558,3,4,0.542171850289932,1.9,3,0.633333333333333
"Koswari",45.54,436.5,1.154201112,0.00164361836272715,17.68265009,2010,3.45318031311035,2.87999993562698,1,1,0.288989101841413,1.1,3,0.366666666666667
"Koswari",45.54,436.5,1.154201112,0.00164361836272715,17.68265009,2010,3.45318031311035,2.87999993562698,2,1,0.288750817527796,1.1,3,0.366666666666667
"Koswari",45.54,436.5,1.154201112,0.00164361836272715,17.68265009,2010,3.45318031311035,2.87999993562698,3,1,0.283551967709384,1.1,3,0.366666666666667
"Koswari",45.54,436.5,1.154201112,0.00164361836272715,17.68265009,2010,3.45318031311035,2.87999993562698,1,2,0.291579679888657,1.2,3,0.4
"Koswari",45.54,436.5,1.154201112,0.00164361836272715,17.68265009,2010,3.45318031311035,2.87999993562698,2,2,0.290841584158416,1.2,3,0.4
"Koswari",45.54,436.5,1.154201112,0.00164361836272715,17.68265009,2010,3.45318031311035,2.87999993562698,3,2,0.288888888888889,1.2,3,0.4
"Koswari",45.54,436.5,1.154201112,0.00164361836272715,17.68265009,2010,3.45318031311035,2.87999993562698,1,3,0.290550595238095,1.2,3.5,0.342857142857143
"Koswari",45.54,436.5,1.154201112,0.00164361836272715,17.68265009,2010,3.45318031311035,2.87999993562698,2,3,0.290096698899633,1.2,3.5,0.342857142857143
"Koswari",45.54,436.5,1.154201112,0.00164361836272715,17.68265009,2010,3.45318031311035,2.87999993562698,3,3,0.28726833199033,1.2,3.5,0.342857142857143
"Koswari",45.54,436.5,1.154201112,0.00164361836272715,17.68265009,2010,3.45318031311035,2.87999993562698,1,4,0.291752154288059,1.3,3.5,0.371428571428571
"Koswari",45.54,436.5,1.154201112,0.00164361836272715,17.68265009,2010,3.45318031311035,2.87999993562698,2,4,0.298826487845767,1.3,3.5,0.371428571428571
"Koswari",45.54,436.5,1.154201112,0.00164361836272715,17.68265009,2010,3.45318031311035,2.87999993562698,3,4,0.279118572927597,1.3,3.5,0.371428571428571
"Koswari",45.54,436.5,1.154201112,0.00164361836272715,17.68265009,2016,2.58300352096558,7.2899998370558,1,1,0.588120740019474,0.9,3,0.3
"Koswari",45.54,436.5,1.154201112,0.00164361836272715,17.68265009,2016,2.58300352096558,7.2899998370558,2,1,0.624275222265172,0.9,3,0.3
"Koswari",45.54,436.5,1.154201112,0.00164361836272715,17.68265009,2016,2.58300352096558,7.2899998370558,3,1,0.625628140703518,0.9,3,0.3
"Koswari",45.54,436.5,1.154201112,0.00164361836272715,17.68265009,2016,2.58300352096558,7.2899998370558,1,2,0.595355069227334,1.1,3,0.366666666666667
"Koswari",45.54,436.5,1.154201112,0.00164361836272715,17.68265009,2016,2.58300352096558,7.2899998370558,2,2,0.613729128014842,1.1,3,0.366666666666667
"Koswari",45.54,436.5,1.154201112,0.00164361836272715,17.68265009,2016,2.58300352096558,7.2899998370558,3,2,0.622448979591837,1.1,3,0.366666666666667
"Koswari",45.54,436.5,1.154201112,0.00164361836272715,17.68265009,2016,2.58300352096558,7.2899998370558,1,3,0.574552080170058,1.1,3.5,0.314285714285714
"Koswari",45.54,436.5,1.154201112,0.00164361836272715,17.68265009,2016,2.58300352096558,7.2899998370558,2,3,0.560163154316791,1.1,3.5,0.314285714285714
"Koswari",45.54,436.5,1.154201112,0.00164361836272715,17.68265009,2016,2.58300352096558,7.2899998370558,3,3,0.596914556962025,1.1,3.5,0.314285714285714
"Koswari",45.54,436.5,1.154201112,0.00164361836272715,17.68265009,2016,2.58300352096558,7.2899998370558,1,4,0.552456839309429,0.9,3.5,0.257142857142857
"Koswari",45.54,436.5,1.154201112,0.00164361836272715,17.68265009,2016,2.58300352096558,7.2899998370558,2,4,0.585643869377696,0.9,3.5,0.257142857142857
"Koswari",45.54,436.5,1.154201112,0.00164361836272715,17.68265009,2016,2.58300352096558,7.2899998370558,3,4,0.565905915230554,0.9,3.5,0.257142857142857
"Krusadai",44.16,743.5,0.206334405,0.0126986565480309,0.5645262595,2010,2.55365490913391,3.5599999204278,1,1,0.256495301271421,1.5,3,0.5
"Krusadai",44.16,743.5,0.206334405,0.0126986565480309,0.5645262595,2010,2.55365490913391,3.5599999204278,2,1,0.243045897079277,1.5,3,0.5
"Krusadai",44.16,743.5,0.206334405,0.0126986565480309,0.5645262595,2010,2.55365490913391,3.5599999204278,3,1,0.266058037169873,1.5,3,0.5
"Krusadai",44.16,743.5,0.206334405,0.0126986565480309,0.5645262595,2010,2.55365490913391,3.5599999204278,1,2,0.2439713639789,1.6,2,0.8
"Krusadai",44.16,743.5,0.206334405,0.0126986565480309,0.5645262595,2010,2.55365490913391,3.5599999204278,2,2,0.237285034760337,1.6,2,0.8
"Krusadai",44.16,743.5,0.206334405,0.0126986565480309,0.5645262595,2010,2.55365490913391,3.5599999204278,3,2,0.249286393910561,1.6,2,0.8
"Krusadai",44.16,743.5,0.206334405,0.0126986565480309,0.5645262595,2010,2.55365490913391,3.5599999204278,1,3,0.245609504132231,1.6,3.5,0.457142857142857
"Krusadai",44.16,743.5,0.206334405,0.0126986565480309,0.5645262595,2010,2.55365490913391,3.5599999204278,2,3,0.274763334102979,1.6,3.5,0.457142857142857
"Krusadai",44.16,743.5,0.206334405,0.0126986565480309,0.5645262595,2010,2.55365490913391,3.5599999204278,3,3,0.219911504424779,1.6,3.5,0.457142857142857
"Krusadai",44.16,743.5,0.206334405,0.0126986565480309,0.5645262595,2010,2.55365490913391,3.5599999204278,1,4,0.268026565464896,1.7,3,0.566666666666667
"Krusadai",44.16,743.5,0.206334405,0.0126986565480309,0.5645262595,2010,2.55365490913391,3.5599999204278,2,4,0.20195530726257,1.7,3,0.566666666666667
"Krusadai",44.16,743.5,0.206334405,0.0126986565480309,0.5645262595,2010,2.55365490913391,3.5599999204278,3,4,0.261988620969927,1.7,3,0.566666666666667
"Krusadai",44.16,743.5,0.206334405,0.0126986565480309,0.5645262595,2016,1.9769583940506,8.31999981403351,1,1,0.848837209302326,1.4,3,0.466666666666667
"Krusadai",44.16,743.5,0.206334405,0.0126986565480309,0.5645262595,2016,1.9769583940506,8.31999981403351,2,1,0.848964013086151,1.4,3,0.466666666666667
"Krusadai",44.16,743.5,0.206334405,0.0126986565480309,0.5645262595,2016,1.9769583940506,8.31999981403351,3,1,0.814094775212637,1.4,3,0.466666666666667
"Krusadai",44.16,743.5,0.206334405,0.0126986565480309,0.5645262595,2016,1.9769583940506,8.31999981403351,1,2,0.817453625632378,1.5,2,0.75
"Krusadai",44.16,743.5,0.206334405,0.0126986565480309,0.5645262595,2016,1.9769583940506,8.31999981403351,2,2,0.798042414355628,1.5,2,0.75
"Krusadai",44.16,743.5,0.206334405,0.0126986565480309,0.5645262595,2016,1.9769583940506,8.31999981403351,3,2,0.819356473270839,1.5,2,0.75
"Krusadai",44.16,743.5,0.206334405,0.0126986565480309,0.5645262595,2016,1.9769583940506,8.31999981403351,1,3,0.823122765196663,1.2,3.5,0.342857142857143
"Krusadai",44.16,743.5,0.206334405,0.0126986565480309,0.5645262595,2016,1.9769583940506,8.31999981403351,2,3,0.832981530343008,1.2,3.5,0.342857142857143
"Krusadai",44.16,743.5,0.206334405,0.0126986565480309,0.5645262595,2016,1.9769583940506,8.31999981403351,3,3,0.858009708737864,1.2,3.5,0.342857142857143
"Krusadai",44.16,743.5,0.206334405,0.0126986565480309,0.5645262595,2016,1.9769583940506,8.31999981403351,1,4,0.836191896594581,1.1,3,0.366666666666667
"Krusadai",44.16,743.5,0.206334405,0.0126986565480309,0.5645262595,2016,1.9769583940506,8.31999981403351,2,4,0.801958041958042,1.1,3,0.366666666666667
"Krusadai",44.16,743.5,0.206334405,0.0126986565480309,0.5645262595,2016,1.9769583940506,8.31999981403351,3,4,0.841407151095732,1.1,3,0.366666666666667
"Manoli",45.69,378,0.252566636,0.00130136760598732,0.5693018585,2010,2.72852540016174,3.60999991931021,1,1,0.253755257360304,1.8,3,0.6
"Manoli",45.69,378,0.252566636,0.00130136760598732,0.5693018585,2010,2.72852540016174,3.60999991931021,2,1,0.263194933145672,1.8,3,0.6
"Manoli",45.69,378,0.252566636,0.00130136760598732,0.5693018585,2010,2.72852540016174,3.60999991931021,3,1,0.283866243592873,1.8,3,0.6
"Manoli",45.69,378,0.252566636,0.00130136760598732,0.5693018585,2010,2.72852540016174,3.60999991931021,1,2,0.280623608017817,1.4,2,0.7
"Manoli",45.69,378,0.252566636,0.00130136760598732,0.5693018585,2010,2.72852540016174,3.60999991931021,2,2,0.243799153055051,1.4,2,0.7
"Manoli",45.69,378,0.252566636,0.00130136760598732,0.5693018585,2010,2.72852540016174,3.60999991931021,3,2,0.249338040600177,1.4,2,0.7
"Manoli",45.69,378,0.252566636,0.00130136760598732,0.5693018585,2010,2.72852540016174,3.60999991931021,1,3,0.254115660616294,1.9,3.5,0.542857142857143
"Manoli",45.69,378,0.252566636,0.00130136760598732,0.5693018585,2010,2.72852540016174,3.60999991931021,2,3,0.228922892289229,1.9,3.5,0.542857142857143
"Manoli",45.69,378,0.252566636,0.00130136760598732,0.5693018585,2010,2.72852540016174,3.60999991931021,3,3,0.303062302006336,1.9,3.5,0.542857142857143
"Manoli",45.69,378,0.252566636,0.00130136760598732,0.5693018585,2010,2.72852540016174,3.60999991931021,1,4,0.270010964912281,1.7,3,0.566666666666667
"Manoli",45.69,378,0.252566636,0.00130136760598732,0.5693018585,2010,2.72852540016174,3.60999991931021,2,4,0.225601750547046,1.7,3,0.566666666666667
"Manoli",45.69,378,0.252566636,0.00130136760598732,0.5693018585,2010,2.72852540016174,3.60999991931021,3,4,0.195517774343122,1.7,3,0.566666666666667
"Manoli",45.69,378,0.252566636,0.00130136760598732,0.5693018585,2016,2.04943776130676,8.71999980509281,1,1,0.577393617021277,1.5,3,0.5
"Manoli",45.69,378,0.252566636,0.00130136760598732,0.5693018585,2016,2.04943776130676,8.71999980509281,2,1,0.573677306515085,1.5,3,0.5
"Manoli",45.69,378,0.252566636,0.00130136760598732,0.5693018585,2016,2.04943776130676,8.71999980509281,3,1,0.580899308224443,1.5,3,0.5
"Manoli",45.69,378,0.252566636,0.00130136760598732,0.5693018585,2016,2.04943776130676,8.71999980509281,1,2,0.584170471841705,1.4,2,0.7
"Manoli",45.69,378,0.252566636,0.00130136760598732,0.5693018585,2016,2.04943776130676,8.71999980509281,2,2,0.587255611875453,1.4,2,0.7
"Manoli",45.69,378,0.252566636,0.00130136760598732,0.5693018585,2016,2.04943776130676,8.71999980509281,3,2,0.593957063344818,1.4,2,0.7
"Manoli",45.69,378,0.252566636,0.00130136760598732,0.5693018585,2016,2.04943776130676,8.71999980509281,1,3,0.568144880427211,1.7,3.5,0.485714285714286
"Manoli",45.69,378,0.252566636,0.00130136760598732,0.5693018585,2016,2.04943776130676,8.71999980509281,2,3,0.547901313681512,1.7,3.5,0.485714285714286
"Manoli",45.69,378,0.252566636,0.00130136760598732,0.5693018585,2016,2.04943776130676,8.71999980509281,3,3,0.500394321766562,1.7,3.5,0.485714285714286
"Manoli",45.69,378,0.252566636,0.00130136760598732,0.5693018585,2016,2.04943776130676,8.71999980509281,1,4,0.533793103448276,1.8,3,0.6
"Manoli",45.69,378,0.252566636,0.00130136760598732,0.5693018585,2016,2.04943776130676,8.71999980509281,2,4,0.547752180720197,1.8,3,0.6
"Manoli",45.69,378,0.252566636,0.00130136760598732,0.5693018585,2016,2.04943776130676,8.71999980509281,3,4,0.565015928178396,1.8,3,0.6
"Manoliputti",44.2,381.83,0.248336062,0.000832797204647798,0.500117376,2010,2.23994469642639,3.57999991998076,1,1,0.362279916442853,1.2,2,0.6
"Manoliputti",44.2,381.83,0.248336062,0.000832797204647798,0.500117376,2010,2.23994469642639,3.57999991998076,2,1,0.357882283348122,1.2,2,0.6
"Manoliputti",44.2,381.83,0.248336062,0.000832797204647798,0.500117376,2010,2.23994469642639,3.57999991998076,3,1,0.366642174871418,1.2,2,0.6
"Manoliputti",44.2,381.83,0.248336062,0.000832797204647798,0.500117376,2010,2.23994469642639,3.57999991998076,1,2,0.357120885881267,1.6,2.5,0.64
"Manoliputti",44.2,381.83,0.248336062,0.000832797204647798,0.500117376,2010,2.23994469642639,3.57999991998076,2,2,0.374147217235189,1.6,2.5,0.64
"Manoliputti",44.2,381.83,0.248336062,0.000832797204647798,0.500117376,2010,2.23994469642639,3.57999991998076,3,2,0.361728395061728,1.6,2.5,0.64
"Manoliputti",44.2,381.83,0.248336062,0.000832797204647798,0.500117376,2010,2.23994469642639,3.57999991998076,1,3,0.382429906542056,1.4,2,0.7
"Manoliputti",44.2,381.83,0.248336062,0.000832797204647798,0.500117376,2010,2.23994469642639,3.57999991998076,2,3,0.378610940381069,1.4,2,0.7
"Manoliputti",44.2,381.83,0.248336062,0.000832797204647798,0.500117376,2010,2.23994469642639,3.57999991998076,3,3,0.370892018779343,1.4,2,0.7
"Manoliputti",44.2,381.83,0.248336062,0.000832797204647798,0.500117376,2010,2.23994469642639,3.57999991998076,1,4,0.36289156626506,1.8,3,0.6
"Manoliputti",44.2,381.83,0.248336062,0.000832797204647798,0.500117376,2010,2.23994469642639,3.57999991998076,2,4,0.365994236311239,1.8,3,0.6
"Manoliputti",44.2,381.83,0.248336062,0.000832797204647798,0.500117376,2010,2.23994469642639,3.57999991998076,3,4,0.303297724105899,1.8,3,0.6
"Manoliputti",44.2,381.83,0.248336062,0.000832797204647798,0.500117376,2016,2.78890132904053,8.51999980956316,1,1,0.883328567343437,1.4,2,0.7
"Manoliputti",44.2,381.83,0.248336062,0.000832797204647798,0.500117376,2016,2.78890132904053,8.51999980956316,2,1,0.915584415584416,1.4,2,0.7
"Manoliputti",44.2,381.83,0.248336062,0.000832797204647798,0.500117376,2016,2.78890132904053,8.51999980956316,3,1,0.899446794663196,1.4,2,0.7
"Manoliputti",44.2,381.83,0.248336062,0.000832797204647798,0.500117376,2016,2.78890132904053,8.51999980956316,1,2,0.912633972068853,1,2.5,0.4
"Manoliputti",44.2,381.83,0.248336062,0.000832797204647798,0.500117376,2016,2.78890132904053,8.51999980956316,2,2,0.897841726618705,1,2.5,0.4
"Manoliputti",44.2,381.83,0.248336062,0.000832797204647798,0.500117376,2016,2.78890132904053,8.51999980956316,3,2,0.910819672131148,1,2.5,0.4
"Manoliputti",44.2,381.83,0.248336062,0.000832797204647798,0.500117376,2016,2.78890132904053,8.51999980956316,1,3,0.90536013400335,1.2,2,0.6
"Manoliputti",44.2,381.83,0.248336062,0.000832797204647798,0.500117376,2016,2.78890132904053,8.51999980956316,2,3,0.882669537136706,1.2,2,0.6
"Manoliputti",44.2,381.83,0.248336062,0.000832797204647798,0.500117376,2016,2.78890132904053,8.51999980956316,3,3,0.870516185476815,1.2,2,0.6
"Manoliputti",44.2,381.83,0.248336062,0.000832797204647798,0.500117376,2016,2.78890132904053,8.51999980956316,1,4,0.914599430662871,1.2,3,0.4
"Manoliputti",44.2,381.83,0.248336062,0.000832797204647798,0.500117376,2016,2.78890132904053,8.51999980956316,2,4,0.856540084388186,1.2,3,0.4
"Manoliputti",44.2,381.83,0.248336062,0.000832797204647798,0.500117376,2016,2.78890132904053,8.51999980956316,3,4,0.906943105110897,1.2,3,0.4
"Mulli",33.94,1064.88,0.165835902,2.19504462826464e-05,0.936914608,2010,3.0902726650238,4.69999989494681,1,1,0.166602687140115,2.1,2.5,0.84
"Mulli",33.94,1064.88,0.165835902,2.19504462826464e-05,0.936914608,2010,3.0902726650238,4.69999989494681,2,1,0.176306170715975,2.1,2.5,0.84
"Mulli",33.94,1064.88,0.165835902,2.19504462826464e-05,0.936914608,2010,3.0902726650238,4.69999989494681,3,1,0.172266210143377,2.1,2.5,0.84
"Mulli",33.94,1064.88,0.165835902,2.19504462826464e-05,0.936914608,2010,3.0902726650238,4.69999989494681,1,2,0.160109165340005,2.8,3.5,0.8
"Mulli",33.94,1064.88,0.165835902,2.19504462826464e-05,0.936914608,2010,3.0902726650238,4.69999989494681,2,2,0.158454525721728,2.8,3.5,0.8
"Mulli",33.94,1064.88,0.165835902,2.19504462826464e-05,0.936914608,2010,3.0902726650238,4.69999989494681,3,2,0.181396427742983,2.8,3.5,0.8
"Mulli",33.94,1064.88,0.165835902,2.19504462826464e-05,0.936914608,2010,3.0902726650238,4.69999989494681,1,3,0.164756124971904,1.9,2,0.95
"Mulli",33.94,1064.88,0.165835902,2.19504462826464e-05,0.936914608,2010,3.0902726650238,4.69999989494681,2,3,0.182005023978077,1.9,2,0.95
"Mulli",33.94,1064.88,0.165835902,2.19504462826464e-05,0.936914608,2010,3.0902726650238,4.69999989494681,3,3,0.185817926515329,1.9,2,0.95
"Mulli",33.94,1064.88,0.165835902,2.19504462826464e-05,0.936914608,2010,3.0902726650238,4.69999989494681,1,4,0.199047114875596,2.8,3.5,0.8
"Mulli",33.94,1064.88,0.165835902,2.19504462826464e-05,0.936914608,2010,3.0902726650238,4.69999989494681,2,4,0.182878105477263,2.8,3.5,0.8
"Mulli",33.94,1064.88,0.165835902,2.19504462826464e-05,0.936914608,2010,3.0902726650238,4.69999989494681,3,4,0.185328723582223,2.8,3.5,0.8
"Mulli",33.94,1064.88,0.165835902,2.19504462826464e-05,0.936914608,2016,2.39434957504272,8.97999979928136,1,1,0.968471555860178,2.1,2.5,0.84
"Mulli",33.94,1064.88,0.165835902,2.19504462826464e-05,0.936914608,2016,2.39434957504272,8.97999979928136,2,1,0.949949698189135,2.1,2.5,0.84
"Mulli",33.94,1064.88,0.165835902,2.19504462826464e-05,0.936914608,2016,2.39434957504272,8.97999979928136,3,1,0.968366383380548,2.1,2.5,0.84
"Mulli",33.94,1064.88,0.165835902,2.19504462826464e-05,0.936914608,2016,2.39434957504272,8.97999979928136,1,2,0.968441273326015,2.6,3.5,0.742857142857143
"Mulli",33.94,1064.88,0.165835902,2.19504462826464e-05,0.936914608,2016,2.39434957504272,8.97999979928136,2,2,0.965366387167335,2.6,3.5,0.742857142857143
"Mulli",33.94,1064.88,0.165835902,2.19504462826464e-05,0.936914608,2016,2.39434957504272,8.97999979928136,3,2,0.979192546583851,2.6,3.5,0.742857142857143
"Mulli",33.94,1064.88,0.165835902,2.19504462826464e-05,0.936914608,2016,2.39434957504272,8.97999979928136,1,3,0.973165928114229,1.6,2,0.8
"Mulli",33.94,1064.88,0.165835902,2.19504462826464e-05,0.936914608,2016,2.39434957504272,8.97999979928136,2,3,0.966371220020855,1.6,2,0.8
"Mulli",33.94,1064.88,0.165835902,2.19504462826464e-05,0.936914608,2016,2.39434957504272,8.97999979928136,3,3,0.973577235772358,1.6,2,0.8
"Mulli",33.94,1064.88,0.165835902,2.19504462826464e-05,0.936914608,2016,2.39434957504272,8.97999979928136,1,4,0.982499439084586,2.5,3.5,0.714285714285714
"Mulli",33.94,1064.88,0.165835902,2.19504462826464e-05,0.936914608,2016,2.39434957504272,8.97999979928136,2,4,0.976822916666667,2.5,3.5,0.714285714285714
"Mulli",33.94,1064.88,0.165835902,2.19504462826464e-05,0.936914608,2016,2.39434957504272,8.97999979928136,3,4,0.974628395694516,2.5,3.5,0.714285714285714
"Nallathanni",42.58,449,0.298477061,0.0023126438395672,38.731161595,2010,2.58312344551086,3.7899999152869,1,1,0.433579335793358,1.4,2.5,0.56
"Nallathanni",42.58,449,0.298477061,0.0023126438395672,38.731161595,2010,2.58312344551086,3.7899999152869,2,1,0.446410515672396,1.4,2.5,0.56
"Nallathanni",42.58,449,0.298477061,0.0023126438395672,38.731161595,2010,2.58312344551086,3.7899999152869,3,1,0.448356807511737,1.4,2.5,0.56
"Nallathanni",42.58,449,0.298477061,0.0023126438395672,38.731161595,2010,2.58312344551086,3.7899999152869,1,2,0.441245593419506,1.8,3,0.6
"Nallathanni",42.58,449,0.298477061,0.0023126438395672,38.731161595,2010,2.58312344551086,3.7899999152869,2,2,0.476190476190476,1.8,3,0.6
"Nallathanni",42.58,449,0.298477061,0.0023126438395672,38.731161595,2010,2.58312344551086,3.7899999152869,3,2,0.416953035509737,1.8,3,0.6
"Nallathanni",42.58,449,0.298477061,0.0023126438395672,38.731161595,2010,2.58312344551086,3.7899999152869,1,3,0.453813104189044,1.8,3.5,0.514285714285714
"Nallathanni",42.58,449,0.298477061,0.0023126438395672,38.731161595,2010,2.58312344551086,3.7899999152869,2,3,0.437643458301454,1.8,3.5,0.514285714285714
"Nallathanni",42.58,449,0.298477061,0.0023126438395672,38.731161595,2010,2.58312344551086,3.7899999152869,3,3,0.459385290889133,1.8,3.5,0.514285714285714
"Nallathanni",42.58,449,0.298477061,0.0023126438395672,38.731161595,2010,2.58312344551086,3.7899999152869,1,4,0.461159737417943,1.8,3.5,0.514285714285714
"Nallathanni",42.58,449,0.298477061,0.0023126438395672,38.731161595,2010,2.58312344551086,3.7899999152869,2,4,0.462022254475085,1.8,3.5,0.514285714285714
"Nallathanni",42.58,449,0.298477061,0.0023126438395672,38.731161595,2010,2.58312344551086,3.7899999152869,3,4,0.442757009345794,1.8,3.5,0.514285714285714
"Nallathanni",42.58,449,0.298477061,0.0023126438395672,38.731161595,2016,2.81600046157837,7.04999984242022,1,1,0.622347066167291,1.2,2.5,0.48
"Nallathanni",42.58,449,0.298477061,0.0023126438395672,38.731161595,2016,2.81600046157837,7.04999984242022,2,1,0.615676359039191,1.2,2.5,0.48
"Nallathanni",42.58,449,0.298477061,0.0023126438395672,38.731161595,2016,2.81600046157837,7.04999984242022,3,1,0.621220159151194,1.2,2.5,0.48
"Nallathanni",42.58,449,0.298477061,0.0023126438395672,38.731161595,2016,2.81600046157837,7.04999984242022,1,2,0.621838371375694,1.5,3,0.5
"Nallathanni",42.58,449,0.298477061,0.0023126438395672,38.731161595,2016,2.81600046157837,7.04999984242022,2,2,0.626180836707153,1.5,3,0.5
"Nallathanni",42.58,449,0.298477061,0.0023126438395672,38.731161595,2016,2.81600046157837,7.04999984242022,3,2,0.617627118644068,1.5,3,0.5
"Nallathanni",42.58,449,0.298477061,0.0023126438395672,38.731161595,2016,2.81600046157837,7.04999984242022,1,3,0.640816326530612,1.4,3.5,0.4
"Nallathanni",42.58,449,0.298477061,0.0023126438395672,38.731161595,2016,2.81600046157837,7.04999984242022,2,3,0.649773071104387,1.4,3.5,0.4
"Nallathanni",42.58,449,0.298477061,0.0023126438395672,38.731161595,2016,2.81600046157837,7.04999984242022,3,3,0.616454930429522,1.4,3.5,0.4
"Nallathanni",42.58,449,0.298477061,0.0023126438395672,38.731161595,2016,2.81600046157837,7.04999984242022,1,4,0.588946459412781,1.5,3.5,0.428571428571429
"Nallathanni",42.58,449,0.298477061,0.0023126438395672,38.731161595,2016,2.81600046157837,7.04999984242022,2,4,0.626760563380282,1.5,3.5,0.428571428571429
"Nallathanni",42.58,449,0.298477061,0.0023126438395672,38.731161595,2016,2.81600046157837,7.04999984242022,3,4,0.601713062098501,1.5,3.5,0.428571428571429
"Poomarichan",44.21,340.67,0.238583125,0.00523290261668268,2.045906261,2010,2.55290412902832,3.57999991998076,1,1,0.421992854307265,1.1,2,0.55
"Poomarichan",44.21,340.67,0.238583125,0.00523290261668268,2.045906261,2010,2.55290412902832,3.57999991998076,2,1,0.418126094570928,1.1,2,0.55
"Poomarichan",44.21,340.67,0.238583125,0.00523290261668268,2.045906261,2010,2.55290412902832,3.57999991998076,3,1,0.441771269177127,1.1,2,0.55
"Poomarichan",44.21,340.67,0.238583125,0.00523290261668268,2.045906261,2010,2.55290412902832,3.57999991998076,1,2,0.417060013486177,1.2,2.5,0.48
"Poomarichan",44.21,340.67,0.238583125,0.00523290261668268,2.045906261,2010,2.55290412902832,3.57999991998076,2,2,0.438926174496644,1.2,2.5,0.48
"Poomarichan",44.21,340.67,0.238583125,0.00523290261668268,2.045906261,2010,2.55290412902832,3.57999991998076,3,2,0.421637426900585,1.2,2.5,0.48
"Poomarichan",44.21,340.67,0.238583125,0.00523290261668268,2.045906261,2010,2.55290412902832,3.57999991998076,1,3,0.435026138909634,1.1,3,0.366666666666667
"Poomarichan",44.21,340.67,0.238583125,0.00523290261668268,2.045906261,2010,2.55290412902832,3.57999991998076,2,3,0.421431427429028,1.1,3,0.366666666666667
"Poomarichan",44.21,340.67,0.238583125,0.00523290261668268,2.045906261,2010,2.55290412902832,3.57999991998076,3,3,0.431007137192704,1.1,3,0.366666666666667
"Poomarichan",44.21,340.67,0.238583125,0.00523290261668268,2.045906261,2010,2.55290412902832,3.57999991998076,1,4,0.437801350048216,1,3.5,0.285714285714286
"Poomarichan",44.21,340.67,0.238583125,0.00523290261668268,2.045906261,2010,2.55290412902832,3.57999991998076,2,4,0.438528268022734,1,3.5,0.285714285714286
"Poomarichan",44.21,340.67,0.238583125,0.00523290261668268,2.045906261,2010,2.55290412902832,3.57999991998076,3,4,0.448992443324937,1,3.5,0.285714285714286
"Poomarichan",44.21,340.67,0.238583125,0.00523290261668268,2.045906261,2016,2.32076740264893,8.51999980956316,1,1,0.883328567343437,1.1,2,0.55
"Poomarichan",44.21,340.67,0.238583125,0.00523290261668268,2.045906261,2016,2.32076740264893,8.51999980956316,2,1,0.915584415584416,1.1,2,0.55
"Poomarichan",44.21,340.67,0.238583125,0.00523290261668268,2.045906261,2016,2.32076740264893,8.51999980956316,3,1,0.899446794663196,1.1,2,0.55
"Poomarichan",44.21,340.67,0.238583125,0.00523290261668268,2.045906261,2016,2.32076740264893,8.51999980956316,1,2,0.912633972068853,1,2.5,0.4
"Poomarichan",44.21,340.67,0.238583125,0.00523290261668268,2.045906261,2016,2.32076740264893,8.51999980956316,2,2,0.897841726618705,1,2.5,0.4
"Poomarichan",44.21,340.67,0.238583125,0.00523290261668268,2.045906261,2016,2.32076740264893,8.51999980956316,3,2,0.910819672131148,1,2.5,0.4
"Poomarichan",44.21,340.67,0.238583125,0.00523290261668268,2.045906261,2016,2.32076740264893,8.51999980956316,1,3,0.90536013400335,1.1,3,0.366666666666667
"Poomarichan",44.21,340.67,0.238583125,0.00523290261668268,2.045906261,2016,2.32076740264893,8.51999980956316,2,3,0.882669537136706,1.1,3,0.366666666666667
"Poomarichan",44.21,340.67,0.238583125,0.00523290261668268,2.045906261,2016,2.32076740264893,8.51999980956316,3,3,0.870516185476815,1.1,3,0.366666666666667
"Poomarichan",44.21,340.67,0.238583125,0.00523290261668268,2.045906261,2016,2.32076740264893,8.51999980956316,1,4,0.914599430662871,1.2,3.5,0.342857142857143
"Poomarichan",44.21,340.67,0.238583125,0.00523290261668268,2.045906261,2016,2.32076740264893,8.51999980956316,2,4,0.856540084388186,1.2,3.5,0.342857142857143
"Poomarichan",44.21,340.67,0.238583125,0.00523290261668268,2.045906261,2016,2.32076740264893,8.51999980956316,3,4,0.906943105110897,1.2,3.5,0.342857142857143
"Poovarasanpatti",41.42,377.33,0.218736209,0.00190513885215622,1.1853800415,2010,2.36722159385681,4.77999989315867,1,1,0.186324786324786,2,3,0.666666666666667
"Poovarasanpatti",41.42,377.33,0.218736209,0.00190513885215622,1.1853800415,2010,2.36722159385681,4.77999989315867,2,1,0.155247417074497,2,3,0.666666666666667
"Poovarasanpatti",41.42,377.33,0.218736209,0.00190513885215622,1.1853800415,2010,2.36722159385681,4.77999989315867,3,1,0.205583756345178,2,3,0.666666666666667
"Poovarasanpatti",41.42,377.33,0.218736209,0.00190513885215622,1.1853800415,2010,2.36722159385681,4.77999989315867,1,2,0.214573877962683,2.1,3,0.7
"Poovarasanpatti",41.42,377.33,0.218736209,0.00190513885215622,1.1853800415,2010,2.36722159385681,4.77999989315867,2,2,0.299459891978396,2.1,3,0.7
"Poovarasanpatti",41.42,377.33,0.218736209,0.00190513885215622,1.1853800415,2010,2.36722159385681,4.77999989315867,3,2,0.10731991834354,2.1,3,0.7
"Poovarasanpatti",41.42,377.33,0.218736209,0.00190513885215622,1.1853800415,2010,2.36722159385681,4.77999989315867,1,3,0.120167815403057,2.7,3.5,0.771428571428571
"Poovarasanpatti",41.42,377.33,0.218736209,0.00190513885215622,1.1853800415,2010,2.36722159385681,4.77999989315867,2,3,0.0964368706429125,2.7,3.5,0.771428571428571
"Poovarasanpatti",41.42,377.33,0.218736209,0.00190513885215622,1.1853800415,2010,2.36722159385681,4.77999989315867,3,3,0.127882599580713,2.7,3.5,0.771428571428571
"Poovarasanpatti",41.42,377.33,0.218736209,0.00190513885215622,1.1853800415,2010,2.36722159385681,4.77999989315867,1,4,0.224563206577595,2.4,3,0.8
"Poovarasanpatti",41.42,377.33,0.218736209,0.00190513885215622,1.1853800415,2010,2.36722159385681,4.77999989315867,2,4,0.17466967450854,2.4,3,0.8
"Poovarasanpatti",41.42,377.33,0.218736209,0.00190513885215622,1.1853800415,2010,2.36722159385681,4.77999989315867,3,4,0.0838519489027186,2.4,3,0.8
"Poovarasanpatti",41.42,377.33,0.218736209,0.00190513885215622,1.1853800415,2016,2.78267526626587,8.17999981716275,1,1,0.397904276408949,1.8,3,0.6
"Poovarasanpatti",41.42,377.33,0.218736209,0.00190513885215622,1.1853800415,2016,2.78267526626587,8.17999981716275,2,1,0.36,1.8,3,0.6
"Poovarasanpatti",41.42,377.33,0.218736209,0.00190513885215622,1.1853800415,2016,2.78267526626587,8.17999981716275,3,1,0.350931677018634,1.8,3,0.6
"Poovarasanpatti",41.42,377.33,0.218736209,0.00190513885215622,1.1853800415,2016,2.78267526626587,8.17999981716275,1,2,0.358362699918677,2,3,0.666666666666667
"Poovarasanpatti",41.42,377.33,0.218736209,0.00190513885215622,1.1853800415,2016,2.78267526626587,8.17999981716275,2,2,0.399366085578447,2,3,0.666666666666667
"Poovarasanpatti",41.42,377.33,0.218736209,0.00190513885215622,1.1853800415,2016,2.78267526626587,8.17999981716275,3,2,0.338808250572956,2,3,0.666666666666667
"Poovarasanpatti",41.42,377.33,0.218736209,0.00190513885215622,1.1853800415,2016,2.78267526626587,8.17999981716275,1,3,0.380528052805281,2.2,3.5,0.628571428571429
"Poovarasanpatti",41.42,377.33,0.218736209,0.00190513885215622,1.1853800415,2016,2.78267526626587,8.17999981716275,2,3,0.393561368209256,2.2,3.5,0.628571428571429
"Poovarasanpatti",41.42,377.33,0.218736209,0.00190513885215622,1.1853800415,2016,2.78267526626587,8.17999981716275,3,3,0.359223300970874,2.2,3.5,0.628571428571429
"Poovarasanpatti",41.42,377.33,0.218736209,0.00190513885215622,1.1853800415,2016,2.78267526626587,8.17999981716275,1,4,0.374740124740125,2,3,0.666666666666667
"Poovarasanpatti",41.42,377.33,0.218736209,0.00190513885215622,1.1853800415,2016,2.78267526626587,8.17999981716275,2,4,0.32925122463261,2,3,0.666666666666667
"Poovarasanpatti",41.42,377.33,0.218736209,0.00190513885215622,1.1853800415,2016,2.78267526626587,8.17999981716275,3,4,0.352566653402308,2,3,0.666666666666667
"Puluvinichalli",36.38,1346.17,0.28152962,0.00220813036445543,56.60849953,2010,2.5994119644165,3.52999992109835,1,1,0.216985645933014,3.1,4,0.775
"Puluvinichalli",36.38,1346.17,0.28152962,0.00220813036445543,56.60849953,2010,2.5994119644165,3.52999992109835,2,1,0.21399730820996,3.1,4,0.775
"Puluvinichalli",36.38,1346.17,0.28152962,0.00220813036445543,56.60849953,2010,2.5994119644165,3.52999992109835,3,1,0.216127262753703,3.1,4,0.775
"Puluvinichalli",36.38,1346.17,0.28152962,0.00220813036445543,56.60849953,2010,2.5994119644165,3.52999992109835,1,2,0.235542521994135,2.7,3.5,0.771428571428571
"Puluvinichalli",36.38,1346.17,0.28152962,0.00220813036445543,56.60849953,2010,2.5994119644165,3.52999992109835,2,2,0.206263982102908,2.7,3.5,0.771428571428571
"Puluvinichalli",36.38,1346.17,0.28152962,0.00220813036445543,56.60849953,2010,2.5994119644165,3.52999992109835,3,2,0.212004617160446,2.7,3.5,0.771428571428571
"Puluvinichalli",36.38,1346.17,0.28152962,0.00220813036445543,56.60849953,2010,2.5994119644165,3.52999992109835,1,3,0.21219512195122,3.3,3.5,0.942857142857143
"Puluvinichalli",36.38,1346.17,0.28152962,0.00220813036445543,56.60849953,2010,2.5994119644165,3.52999992109835,2,3,0.19918946301925,3.3,3.5,0.942857142857143
"Puluvinichalli",36.38,1346.17,0.28152962,0.00220813036445543,56.60849953,2010,2.5994119644165,3.52999992109835,3,3,0.206730769230769,3.3,3.5,0.942857142857143
"Puluvinichalli",36.38,1346.17,0.28152962,0.00220813036445543,56.60849953,2010,2.5994119644165,3.52999992109835,1,4,0.198323644720833,3.3,4,0.825
"Puluvinichalli",36.38,1346.17,0.28152962,0.00220813036445543,56.60849953,2010,2.5994119644165,3.52999992109835,2,4,0.198678414096916,3.3,4,0.825
"Puluvinichalli",36.38,1346.17,0.28152962,0.00220813036445543,56.60849953,2010,2.5994119644165,3.52999992109835,3,4,0.172925272249343,3.3,4,0.825
"Puluvinichalli",36.38,1346.17,0.28152962,0.00220813036445543,56.60849953,2016,2.81600022315979,6.67999985069036,1,1,0.419455815073441,3,4,0.75
"Puluvinichalli",36.38,1346.17,0.28152962,0.00220813036445543,56.60849953,2016,2.81600022315979,6.67999985069036,2,1,0.425536827522512,3,4,0.75
"Puluvinichalli",36.38,1346.17,0.28152962,0.00220813036445543,56.60849953,2016,2.81600022315979,6.67999985069036,3,1,0.418337218337218,3,4,0.75
"Puluvinichalli",36.38,1346.17,0.28152962,0.00220813036445543,56.60849953,2016,2.81600022315979,6.67999985069036,1,2,0.417793204238217,2.4,3.5,0.685714285714286
"Puluvinichalli",36.38,1346.17,0.28152962,0.00220813036445543,56.60849953,2016,2.81600022315979,6.67999985069036,2,2,0.400894187779434,2.4,3.5,0.685714285714286
"Puluvinichalli",36.38,1346.17,0.28152962,0.00220813036445543,56.60849953,2016,2.81600022315979,6.67999985069036,3,2,0.429275991319787,2.4,3.5,0.685714285714286
"Puluvinichalli",36.38,1346.17,0.28152962,0.00220813036445543,56.60849953,2016,2.81600022315979,6.67999985069036,1,3,0.440600697237865,2.4,3.5,0.685714285714286
"Puluvinichalli",36.38,1346.17,0.28152962,0.00220813036445543,56.60849953,2016,2.81600022315979,6.67999985069036,2,3,0.390926275992439,2.4,3.5,0.685714285714286
"Puluvinichalli",36.38,1346.17,0.28152962,0.00220813036445543,56.60849953,2016,2.81600022315979,6.67999985069036,3,3,0.409879567258624,2.4,3.5,0.685714285714286
"Puluvinichalli",36.38,1346.17,0.28152962,0.00220813036445543,56.60849953,2016,2.81600022315979,6.67999985069036,1,4,0.46054678817515,3,4,0.75
"Puluvinichalli",36.38,1346.17,0.28152962,0.00220813036445543,56.60849953,2016,2.81600022315979,6.67999985069036,2,4,0.414220358368281,3,4,0.75
"Puluvinichalli",36.38,1346.17,0.28152962,0.00220813036445543,56.60849953,2016,2.81600022315979,6.67999985069036,3,4,0.409529320987654,3,4,0.75
"Pullivasal",42.91,213.83,0.222510081,0.00816901051553729,1.081842452,2010,2.55290412902832,3.10999993048608,1,1,0.283975155279503,1.2,2,0.6
"Pullivasal",42.91,213.83,0.222510081,0.00816901051553729,1.081842452,2010,2.55290412902832,3.10999993048608,2,1,0.292318634423898,1.2,2,0.6
"Pullivasal",42.91,213.83,0.222510081,0.00816901051553729,1.081842452,2010,2.55290412902832,3.10999993048608,3,1,0.295245026686075,1.2,2,0.6
"Pullivasal",42.91,213.83,0.222510081,0.00816901051553729,1.081842452,2010,2.55290412902832,3.10999993048608,1,2,0.293960923623446,1.1,2,0.55
"Pullivasal",42.91,213.83,0.222510081,0.00816901051553729,1.081842452,2010,2.55290412902832,3.10999993048608,2,2,0.286748329621381,1.1,2,0.55
"Pullivasal",42.91,213.83,0.222510081,0.00816901051553729,1.081842452,2010,2.55290412902832,3.10999993048608,3,2,0.296333805955033,1.1,2,0.55
"Pullivasal",42.91,213.83,0.222510081,0.00816901051553729,1.081842452,2010,2.55290412902832,3.10999993048608,1,3,0.293926950507888,1.2,2.5,0.48
"Pullivasal",42.91,213.83,0.222510081,0.00816901051553729,1.081842452,2010,2.55290412902832,3.10999993048608,2,3,0.294890510948905,1.2,2.5,0.48
"Pullivasal",42.91,213.83,0.222510081,0.00816901051553729,1.081842452,2010,2.55290412902832,3.10999993048608,3,3,0.292713050638123,1.2,2.5,0.48
"Pullivasal",42.91,213.83,0.222510081,0.00816901051553729,1.081842452,2010,2.55290412902832,3.10999993048608,1,4,0.287822189017557,1.3,2,0.65
"Pullivasal",42.91,213.83,0.222510081,0.00816901051553729,1.081842452,2010,2.55290412902832,3.10999993048608,2,4,0.292677345537757,1.3,2,0.65
"Pullivasal",42.91,213.83,0.222510081,0.00816901051553729,1.081842452,2010,2.55290412902832,3.10999993048608,3,4,0.297969635997805,1.3,2,0.65
"Pullivasal",42.91,213.83,0.222510081,0.00816901051553729,1.081842452,2016,2.32076740264893,8.23999981582165,1,1,0.430536761389265,1,2,0.5
"Pullivasal",42.91,213.83,0.222510081,0.00816901051553729,1.081842452,2016,2.32076740264893,8.23999981582165,2,1,0.418726985796949,1,2,0.5
"Pullivasal",42.91,213.83,0.222510081,0.00816901051553729,1.081842452,2016,2.32076740264893,8.23999981582165,3,1,0.450374812593703,1,2,0.5
"Pullivasal",42.91,213.83,0.222510081,0.00816901051553729,1.081842452,2016,2.32076740264893,8.23999981582165,1,2,0.455569727891156,0.8,2,0.4
"Pullivasal",42.91,213.83,0.222510081,0.00816901051553729,1.081842452,2016,2.32076740264893,8.23999981582165,2,2,0.413049062419728,0.8,2,0.4
"Pullivasal",42.91,213.83,0.222510081,0.00816901051553729,1.081842452,2016,2.32076740264893,8.23999981582165,3,2,0.431284621471907,0.8,2,0.4
"Pullivasal",42.91,213.83,0.222510081,0.00816901051553729,1.081842452,2016,2.32076740264893,8.23999981582165,1,3,0.403438395415473,1.1,2.5,0.44
"Pullivasal",42.91,213.83,0.222510081,0.00816901051553729,1.081842452,2016,2.32076740264893,8.23999981582165,2,3,0.390955740859525,1.1,2.5,0.44
"Pullivasal",42.91,213.83,0.222510081,0.00816901051553729,1.081842452,2016,2.32076740264893,8.23999981582165,3,3,0.437918215613383,1.1,2.5,0.44
"Pullivasal",42.91,213.83,0.222510081,0.00816901051553729,1.081842452,2016,2.32076740264893,8.23999981582165,1,4,0.462237217752401,1.1,2,0.55
"Pullivasal",42.91,213.83,0.222510081,0.00816901051553729,1.081842452,2016,2.32076740264893,8.23999981582165,2,4,0.479885803270179,1.1,2,0.55
"Pullivasal",42.91,213.83,0.222510081,0.00816901051553729,1.081842452,2016,2.32076740264893,8.23999981582165,3,4,0.470155902004454,1.1,2,0.55
"Shingle",43.29,675.67,0.199253425,0.0266878757687246,0.4523534885,2010,2.55365490913391,3.5599999204278,1,1,0.24479932758983,2.3,2.5,0.92
"Shingle",43.29,675.67,0.199253425,0.0266878757687246,0.4523534885,2010,2.55365490913391,3.5599999204278,2,1,0.244607087827427,2.3,2.5,0.92
"Shingle",43.29,675.67,0.199253425,0.0266878757687246,0.4523534885,2010,2.55365490913391,3.5599999204278,3,1,0.245439469320066,2.3,2.5,0.92
"Shingle",43.29,675.67,0.199253425,0.0266878757687246,0.4523534885,2010,2.55365490913391,3.5599999204278,1,2,0.251176616299232,2.1,3,0.7
"Shingle",43.29,675.67,0.199253425,0.0266878757687246,0.4523534885,2010,2.55365490913391,3.5599999204278,2,2,0.244980777445536,2.1,3,0.7
"Shingle",43.29,675.67,0.199253425,0.0266878757687246,0.4523534885,2010,2.55365490913391,3.5599999204278,3,2,0.24489423778264,2.1,3,0.7
"Shingle",43.29,675.67,0.199253425,0.0266878757687246,0.4523534885,2010,2.55365490913391,3.5599999204278,1,3,0.24818763326226,2.2,2,1.1
"Shingle",43.29,675.67,0.199253425,0.0266878757687246,0.4523534885,2010,2.55365490913391,3.5599999204278,2,3,0.247344819447722,2.2,2,1.1
"Shingle",43.29,675.67,0.199253425,0.0266878757687246,0.4523534885,2010,2.55365490913391,3.5599999204278,3,3,0.206827754378187,2.2,2,1.1
"Shingle",43.29,675.67,0.199253425,0.0266878757687246,0.4523534885,2010,2.55365490913391,3.5599999204278,1,4,0.244139508290452,1.8,2.5,0.72
"Shingle",43.29,675.67,0.199253425,0.0266878757687246,0.4523534885,2010,2.55365490913391,3.5599999204278,2,4,0.211873944850872,1.8,2.5,0.72
"Shingle",43.29,675.67,0.199253425,0.0266878757687246,0.4523534885,2010,2.55365490913391,3.5599999204278,3,4,0.307022318998367,1.8,2.5,0.72
"Shingle",43.29,675.67,0.199253425,0.0266878757687246,0.4523534885,2016,1.9769583940506,8.31999981403351,1,1,0.975470155355683,2.2,2.5,0.88
"Shingle",43.29,675.67,0.199253425,0.0266878757687246,0.4523534885,2016,1.9769583940506,8.31999981403351,2,1,0.976887140398328,2.2,2.5,0.88
"Shingle",43.29,675.67,0.199253425,0.0266878757687246,0.4523534885,2016,1.9769583940506,8.31999981403351,3,1,0.971519907003778,2.2,2.5,0.88
"Shingle",43.29,675.67,0.199253425,0.0266878757687246,0.4523534885,2016,1.9769583940506,8.31999981403351,1,2,0.978760045924225,1.6,3,0.533333333333333
"Shingle",43.29,675.67,0.199253425,0.0266878757687246,0.4523534885,2016,1.9769583940506,8.31999981403351,2,2,0.968829194120629,1.6,3,0.533333333333333
"Shingle",43.29,675.67,0.199253425,0.0266878757687246,0.4523534885,2016,1.9769583940506,8.31999981403351,3,2,0.969659822249464,1.6,3,0.533333333333333
"Shingle",43.29,675.67,0.199253425,0.0266878757687246,0.4523534885,2016,1.9769583940506,8.31999981403351,1,3,0.98001410768869,1.7,2,0.85
"Shingle",43.29,675.67,0.199253425,0.0266878757687246,0.4523534885,2016,1.9769583940506,8.31999981403351,2,3,0.978228388473853,1.7,2,0.85
"Shingle",43.29,675.67,0.199253425,0.0266878757687246,0.4523534885,2016,1.9769583940506,8.31999981403351,3,3,0.971695663464035,1.7,2,0.85
"Shingle",43.29,675.67,0.199253425,0.0266878757687246,0.4523534885,2016,1.9769583940506,8.31999981403351,1,4,0.980027960854803,2.1,2.5,0.84
"Shingle",43.29,675.67,0.199253425,0.0266878757687246,0.4523534885,2016,1.9769583940506,8.31999981403351,2,4,0.96968787515006,2.1,2.5,0.84
"Shingle",43.29,675.67,0.199253425,0.0266878757687246,0.4523534885,2016,1.9769583940506,8.31999981403351,3,4,0.968888888888889,2.1,2.5,0.84
"Thalaiyari",47.18,567,0.154392205,9.62518446868622e-05,0.7526606095,NA,NA,NA,NA,NA,NA,NA,NA,NA
"Upputhanni",40.41,730,0.38522771,0.00128567699281704,62.62633753,2010,2.44078755378723,3.28999992646277,1,1,0.358116113744076,3.1,4,0.775
"Upputhanni",40.41,730,0.38522771,0.00128567699281704,62.62633753,2010,2.44078755378723,3.28999992646277,2,1,0.358747697974217,3.1,4,0.775
"Upputhanni",40.41,730,0.38522771,0.00128567699281704,62.62633753,2010,2.44078755378723,3.28999992646277,3,1,0.393075980392157,3.1,4,0.775
"Upputhanni",40.41,730,0.38522771,0.00128567699281704,62.62633753,2010,2.44078755378723,3.28999992646277,1,2,0.350130890052356,3.2,4.5,0.711111111111111
"Upputhanni",40.41,730,0.38522771,0.00128567699281704,62.62633753,2010,2.44078755378723,3.28999992646277,2,2,0.357881136950904,3.2,4.5,0.711111111111111
"Upputhanni",40.41,730,0.38522771,0.00128567699281704,62.62633753,2010,2.44078755378723,3.28999992646277,3,2,0.331402085747393,3.2,4.5,0.711111111111111
"Upputhanni",40.41,730,0.38522771,0.00128567699281704,62.62633753,2010,2.44078755378723,3.28999992646277,1,3,0.33780880773362,2.8,3,0.933333333333333
"Upputhanni",40.41,730,0.38522771,0.00128567699281704,62.62633753,2010,2.44078755378723,3.28999992646277,2,3,0.357011409642989,2.8,3,0.933333333333333
"Upputhanni",40.41,730,0.38522771,0.00128567699281704,62.62633753,2010,2.44078755378723,3.28999992646277,3,3,0.357123473541384,2.8,3,0.933333333333333
"Upputhanni",40.41,730,0.38522771,0.00128567699281704,62.62633753,2010,2.44078755378723,3.28999992646277,1,4,0.346040189125295,2.9,3.5,0.828571428571429
"Upputhanni",40.41,730,0.38522771,0.00128567699281704,62.62633753,2010,2.44078755378723,3.28999992646277,2,4,0.332925835370823,2.9,3.5,0.828571428571429
"Upputhanni",40.41,730,0.38522771,0.00128567699281704,62.62633753,2010,2.44078755378723,3.28999992646277,3,4,0.33948959032908,2.9,3.5,0.828571428571429
"Upputhanni",40.41,730,0.38522771,0.00128567699281704,62.62633753,2016,2.21070837974548,6.4899998549372,1,1,0.640883977900553,2.8,4,0.7
"Upputhanni",40.41,730,0.38522771,0.00128567699281704,62.62633753,2016,2.21070837974548,6.4899998549372,2,1,0.654517611026034,2.8,4,0.7
"Upputhanni",40.41,730,0.38522771,0.00128567699281704,62.62633753,2016,2.21070837974548,6.4899998549372,3,1,0.64806303348654,2.8,4,0.7
"Upputhanni",40.41,730,0.38522771,0.00128567699281704,62.62633753,2016,2.21070837974548,6.4899998549372,1,2,0.617524916943522,3.3,4.5,0.733333333333333
"Upputhanni",40.41,730,0.38522771,0.00128567699281704,62.62633753,2016,2.21070837974548,6.4899998549372,2,2,0.644505683775405,3.3,4.5,0.733333333333333
"Upputhanni",40.41,730,0.38522771,0.00128567699281704,62.62633753,2016,2.21070837974548,6.4899998549372,3,2,0.683095723014257,3.3,4.5,0.733333333333333
"Upputhanni",40.41,730,0.38522771,0.00128567699281704,62.62633753,2016,2.21070837974548,6.4899998549372,1,3,0.667528629479128,2.4,3,0.8
"Upputhanni",40.41,730,0.38522771,0.00128567699281704,62.62633753,2016,2.21070837974548,6.4899998549372,2,3,0.650691699604743,2.4,3,0.8
"Upputhanni",40.41,730,0.38522771,0.00128567699281704,62.62633753,2016,2.21070837974548,6.4899998549372,3,3,0.661237785016287,2.4,3,0.8
"Upputhanni",40.41,730,0.38522771,0.00128567699281704,62.62633753,2016,2.21070837974548,6.4899998549372,1,4,0.655182397220614,2.3,3.5,0.657142857142857
"Upputhanni",40.41,730,0.38522771,0.00128567699281704,62.62633753,2016,2.21070837974548,6.4899998549372,2,4,0.663923633969717,2.3,3.5,0.657142857142857
"Upputhanni",40.41,730,0.38522771,0.00128567699281704,62.62633753,2016,2.21070837974548,6.4899998549372,3,4,0.657740278796772,2.3,3.5,0.657142857142857
"Vaan",47.39,403.5,1.172398385,0.00604709827467377,16.416763185,2010,3.45318031311035,2.56999994255602,1,1,0.176734258271078,0.6,1.5,0.4
"Vaan",47.39,403.5,1.172398385,0.00604709827467377,16.416763185,2010,3.45318031311035,2.56999994255602,2,1,0.185604606525912,0.6,1.5,0.4
"Vaan",47.39,403.5,1.172398385,0.00604709827467377,16.416763185,2010,3.45318031311035,2.56999994255602,3,1,0.191268533772652,0.6,1.5,0.4
"Vaan",47.39,403.5,1.172398385,0.00604709827467377,16.416763185,2010,3.45318031311035,2.56999994255602,1,2,0.150085973962171,0.6,2,0.3
"Vaan",47.39,403.5,1.172398385,0.00604709827467377,16.416763185,2010,3.45318031311035,2.56999994255602,2,2,0.161006289308176,0.6,2,0.3
"Vaan",47.39,403.5,1.172398385,0.00604709827467377,16.416763185,2010,3.45318031311035,2.56999994255602,3,2,0.17809667673716,0.6,2,0.3
"Vaan",47.39,403.5,1.172398385,0.00604709827467377,16.416763185,2010,3.45318031311035,2.56999994255602,1,3,0.151913875598086,1,3,0.333333333333333
"Vaan",47.39,403.5,1.172398385,0.00604709827467377,16.416763185,2010,3.45318031311035,2.56999994255602,2,3,0.189619636499906,1,3,0.333333333333333
"Vaan",47.39,403.5,1.172398385,0.00604709827467377,16.416763185,2010,3.45318031311035,2.56999994255602,3,3,0.173430962343096,1,3,0.333333333333333
"Vaan",47.39,403.5,1.172398385,0.00604709827467377,16.416763185,2010,3.45318031311035,2.56999994255602,1,4,0.150475713570356,1,2.5,0.4
"Vaan",47.39,403.5,1.172398385,0.00604709827467377,16.416763185,2010,3.45318031311035,2.56999994255602,2,4,0.135937159066114,1,2.5,0.4
"Vaan",47.39,403.5,1.172398385,0.00604709827467377,16.416763185,2010,3.45318031311035,2.56999994255602,3,4,0.172007366482505,1,2.5,0.4
"Vaan",47.39,403.5,1.172398385,0.00604709827467377,16.416763185,2016,2.58300352096558,7.23999983817339,1,1,0.98704515145742,0.4,1.5,0.266666666666667
"Vaan",47.39,403.5,1.172398385,0.00604709827467377,16.416763185,2016,2.58300352096558,7.23999983817339,2,1,0.976910016977929,0.4,1.5,0.266666666666667
"Vaan",47.39,403.5,1.172398385,0.00604709827467377,16.416763185,2016,2.58300352096558,7.23999983817339,3,1,0.986195769092865,0.4,1.5,0.266666666666667
"Vaan",47.39,403.5,1.172398385,0.00604709827467377,16.416763185,2016,2.58300352096558,7.23999983817339,1,2,0.987617260787993,0.6,2,0.3
"Vaan",47.39,403.5,1.172398385,0.00604709827467377,16.416763185,2016,2.58300352096558,7.23999983817339,2,2,0.98243519781719,0.6,2,0.3
"Vaan",47.39,403.5,1.172398385,0.00604709827467377,16.416763185,2016,2.58300352096558,7.23999983817339,3,2,0.990529570931581,0.6,2,0.3
"Vaan",47.39,403.5,1.172398385,0.00604709827467377,16.416763185,2016,2.58300352096558,7.23999983817339,1,3,0.973857513470365,0.9,3,0.3
"Vaan",47.39,403.5,1.172398385,0.00604709827467377,16.416763185,2016,2.58300352096558,7.23999983817339,2,3,0.985365853658537,0.9,3,0.3
"Vaan",47.39,403.5,1.172398385,0.00604709827467377,16.416763185,2016,2.58300352096558,7.23999983817339,3,3,0.985797696070696,0.9,3,0.3
"Vaan",47.39,403.5,1.172398385,0.00604709827467377,16.416763185,2016,2.58300352096558,7.23999983817339,1,4,0.990228013029316,0.9,2.5,0.36
"Vaan",47.39,403.5,1.172398385,0.00604709827467377,16.416763185,2016,2.58300352096558,7.23999983817339,2,4,0.984723569350145,0.9,2.5,0.36
"Vaan",47.39,403.5,1.172398385,0.00604709827467377,16.416763185,2016,2.58300352096558,7.23999983817339,3,4,0.990491283676704,0.9,2.5,0.36
"Valai",41.41,591.67,0.158674531,7.94591771542166e-05,0.771614015,2010,2.550696849823,4.63999989628792,1,1,0.188917525773196,1.2,2,0.6
"Valai",41.41,591.67,0.158674531,7.94591771542166e-05,0.771614015,2010,2.550696849823,4.63999989628792,2,1,0.222172351885099,1.2,2,0.6
"Valai",41.41,591.67,0.158674531,7.94591771542166e-05,0.771614015,2010,2.550696849823,4.63999989628792,3,1,0.204241071428571,1.2,2,0.6
"Valai",41.41,591.67,0.158674531,7.94591771542166e-05,0.771614015,2010,2.550696849823,4.63999989628792,1,2,0.2349011967715,1.4,2,0.7
"Valai",41.41,591.67,0.158674531,7.94591771542166e-05,0.771614015,2010,2.550696849823,4.63999989628792,2,2,0.162790697674419,1.4,2,0.7
"Valai",41.41,591.67,0.158674531,7.94591771542166e-05,0.771614015,2010,2.550696849823,4.63999989628792,3,2,0.223966677347004,1.4,2,0.7
"Valai",41.41,591.67,0.158674531,7.94591771542166e-05,0.771614015,2010,2.550696849823,4.63999989628792,1,3,0.193946880790611,1.7,2.5,0.68
"Valai",41.41,591.67,0.158674531,7.94591771542166e-05,0.771614015,2010,2.550696849823,4.63999989628792,2,3,0.180221366698749,1.7,2.5,0.68
"Valai",41.41,591.67,0.158674531,7.94591771542166e-05,0.771614015,2010,2.550696849823,4.63999989628792,3,3,0.199905258171483,1.7,2.5,0.68
"Valai",41.41,591.67,0.158674531,7.94591771542166e-05,0.771614015,2010,2.550696849823,4.63999989628792,1,4,0.236940298507463,1.3,2,0.65
"Valai",41.41,591.67,0.158674531,7.94591771542166e-05,0.771614015,2010,2.550696849823,4.63999989628792,2,4,0.26297511093961,1.3,2,0.65
"Valai",41.41,591.67,0.158674531,7.94591771542166e-05,0.771614015,2010,2.550696849823,4.63999989628792,3,4,0.394170318155839,1.3,2,0.65
"Valai",41.41,591.67,0.158674531,7.94591771542166e-05,0.771614015,2016,2.21995997428894,9.26999979279935,1,1,0.538352272727273,1.2,2,0.6
"Valai",41.41,591.67,0.158674531,7.94591771542166e-05,0.771614015,2016,2.21995997428894,9.26999979279935,2,1,0.535095715587967,1.2,2,0.6
"Valai",41.41,591.67,0.158674531,7.94591771542166e-05,0.771614015,2016,2.21995997428894,9.26999979279935,3,1,0.550786456944815,1.2,2,0.6
"Valai",41.41,591.67,0.158674531,7.94591771542166e-05,0.771614015,2016,2.21995997428894,9.26999979279935,1,2,0.552672432911954,1.1,2,0.55
"Valai",41.41,591.67,0.158674531,7.94591771542166e-05,0.771614015,2016,2.21995997428894,9.26999979279935,2,2,0.574944690265487,1.1,2,0.55
"Valai",41.41,591.67,0.158674531,7.94591771542166e-05,0.771614015,2016,2.21995997428894,9.26999979279935,3,2,0.534116153602031,1.1,2,0.55
"Valai",41.41,591.67,0.158674531,7.94591771542166e-05,0.771614015,2016,2.21995997428894,9.26999979279935,1,3,0.544791666666667,1.3,2.5,0.52
"Valai",41.41,591.67,0.158674531,7.94591771542166e-05,0.771614015,2016,2.21995997428894,9.26999979279935,2,3,0.553509208561473,1.3,2.5,0.52
"Valai",41.41,591.67,0.158674531,7.94591771542166e-05,0.771614015,2016,2.21995997428894,9.26999979279935,3,3,0.5336918696615,1.3,2.5,0.52
"Valai",41.41,591.67,0.158674531,7.94591771542166e-05,0.771614015,2016,2.21995997428894,9.26999979279935,1,4,0.556742893780722,1.2,2,0.6
"Valai",41.41,591.67,0.158674531,7.94591771542166e-05,0.771614015,2016,2.21995997428894,9.26999979279935,2,4,0.552879581151832,1.2,2,0.6
"Valai",41.41,591.67,0.158674531,7.94591771542166e-05,0.771614015,2016,2.21995997428894,9.26999979279935,3,4,0.537894030851777,1.2,2,0.6
"Valimunai",39.6,612.5,0.234760165,0.00151932117669605,1.857272506,2010,2.36722159385681,4.56999989785254,1,1,0.191743942566557,1.5,2.5,0.6
"Valimunai",39.6,612.5,0.234760165,0.00151932117669605,1.857272506,2010,2.36722159385681,4.56999989785254,2,1,0.189526184538653,1.5,2.5,0.6
"Valimunai",39.6,612.5,0.234760165,0.00151932117669605,1.857272506,2010,2.36722159385681,4.56999989785254,3,1,0.189672801635992,1.5,2.5,0.6
"Valimunai",39.6,612.5,0.234760165,0.00151932117669605,1.857272506,2010,2.36722159385681,4.56999989785254,1,2,0.184690415606446,1.5,2,0.75
"Valimunai",39.6,612.5,0.234760165,0.00151932117669605,1.857272506,2010,2.36722159385681,4.56999989785254,2,2,0.171926910299003,1.5,2,0.75
"Valimunai",39.6,612.5,0.234760165,0.00151932117669605,1.857272506,2010,2.36722159385681,4.56999989785254,3,2,0.194057142857143,1.5,2,0.75
"Valimunai",39.6,612.5,0.234760165,0.00151932117669605,1.857272506,2010,2.36722159385681,4.56999989785254,1,3,0.19962511715089,1.8,3,0.6
"Valimunai",39.6,612.5,0.234760165,0.00151932117669605,1.857272506,2010,2.36722159385681,4.56999989785254,2,3,0.196269487750557,1.8,3,0.6
"Valimunai",39.6,612.5,0.234760165,0.00151932117669605,1.857272506,2010,2.36722159385681,4.56999989785254,3,3,0.186139139670738,1.8,3,0.6
"Valimunai",39.6,612.5,0.234760165,0.00151932117669605,1.857272506,2010,2.36722159385681,4.56999989785254,1,4,0.185500515995872,1.6,3,0.533333333333333
"Valimunai",39.6,612.5,0.234760165,0.00151932117669605,1.857272506,2010,2.36722159385681,4.56999989785254,2,4,0.188845746558419,1.6,3,0.533333333333333
"Valimunai",39.6,612.5,0.234760165,0.00151932117669605,1.857272506,2010,2.36722159385681,4.56999989785254,3,4,0.20593268682259,1.6,3,0.533333333333333
"Valimunai",39.6,612.5,0.234760165,0.00151932117669605,1.857272506,2016,2.78267526626587,8.08999981917441,1,1,0.477720207253886,1.5,2.5,0.6
"Valimunai",39.6,612.5,0.234760165,0.00151932117669605,1.857272506,2016,2.78267526626587,8.08999981917441,2,1,0.506185931424532,1.5,2.5,0.6
"Valimunai",39.6,612.5,0.234760165,0.00151932117669605,1.857272506,2016,2.78267526626587,8.08999981917441,3,1,0.486015037593985,1.5,2.5,0.6
"Valimunai",39.6,612.5,0.234760165,0.00151932117669605,1.857272506,2016,2.78267526626587,8.08999981917441,1,2,0.479039301310044,1.6,2,0.8
"Valimunai",39.6,612.5,0.234760165,0.00151932117669605,1.857272506,2016,2.78267526626587,8.08999981917441,2,2,0.486690647482014,1.6,2,0.8
"Valimunai",39.6,612.5,0.234760165,0.00151932117669605,1.857272506,2016,2.78267526626587,8.08999981917441,3,2,0.490818030050083,1.6,2,0.8
"Valimunai",39.6,612.5,0.234760165,0.00151932117669605,1.857272506,2016,2.78267526626587,8.08999981917441,1,3,0.485932928201666,1.5,3,0.5
"Valimunai",39.6,612.5,0.234760165,0.00151932117669605,1.857272506,2016,2.78267526626587,8.08999981917441,2,3,0.472152950955943,1.5,3,0.5
"Valimunai",39.6,612.5,0.234760165,0.00151932117669605,1.857272506,2016,2.78267526626587,8.08999981917441,3,3,0.493117687543014,1.5,3,0.5
"Valimunai",39.6,612.5,0.234760165,0.00151932117669605,1.857272506,2016,2.78267526626587,8.08999981917441,1,4,0.471629359708485,1.4,3,0.466666666666667
"Valimunai",39.6,612.5,0.234760165,0.00151932117669605,1.857272506,2016,2.78267526626587,8.08999981917441,2,4,0.484126984126984,1.4,3,0.466666666666667
"Valimunai",39.6,612.5,0.234760165,0.00151932117669605,1.857272506,2016,2.78267526626587,8.08999981917441,3,4,0.48593261549149,1.4,3,0.466666666666667
"Vilanguchalli",40.8,376,0.992470121,0.000750176171658341,57.137588025,2010,2.9819974899292,2.39999994635582,1,1,0.278042580235145,2.1,3.5,0.6
"Vilanguchalli",40.8,376,0.992470121,0.000750176171658341,57.137588025,2010,2.9819974899292,2.39999994635582,2,1,0.27240382477207,2.1,3.5,0.6
"Vilanguchalli",40.8,376,0.992470121,0.000750176171658341,57.137588025,2010,2.9819974899292,2.39999994635582,3,1,0.293849658314351,2.1,3.5,0.6
"Vilanguchalli",40.8,376,0.992470121,0.000750176171658341,57.137588025,2010,2.9819974899292,2.39999994635582,1,2,0.275666666666667,2.3,4,0.575
"Vilanguchalli",40.8,376,0.992470121,0.000750176171658341,57.137588025,2010,2.9819974899292,2.39999994635582,2,2,0.289260969976905,2.3,4,0.575
"Vilanguchalli",40.8,376,0.992470121,0.000750176171658341,57.137588025,2010,2.9819974899292,2.39999994635582,3,2,0.239151398264224,2.3,4,0.575
"Vilanguchalli",40.8,376,0.992470121,0.000750176171658341,57.137588025,2010,2.9819974899292,2.39999994635582,1,3,0.260657338106085,2.4,4.5,0.533333333333333
"Vilanguchalli",40.8,376,0.992470121,0.000750176171658341,57.137588025,2010,2.9819974899292,2.39999994635582,2,3,0.262218444538886,2.4,4.5,0.533333333333333
"Vilanguchalli",40.8,376,0.992470121,0.000750176171658341,57.137588025,2010,2.9819974899292,2.39999994635582,3,3,0.292913385826772,2.4,4.5,0.533333333333333
"Vilanguchalli",40.8,376,0.992470121,0.000750176171658341,57.137588025,2010,2.9819974899292,2.39999994635582,1,4,0.301569077688481,2,4,0.5
"Vilanguchalli",40.8,376,0.992470121,0.000750176171658341,57.137588025,2010,2.9819974899292,2.39999994635582,2,4,0.302790346907994,2,4,0.5
"Vilanguchalli",40.8,376,0.992470121,0.000750176171658341,57.137588025,2010,2.9819974899292,2.39999994635582,3,4,0.313139931740614,2,4,0.5
"Vilanguchalli",40.8,376,0.992470121,0.000750176171658341,57.137588025,2016,2.6122510433197,6.43999985605478,1,1,0.435850439882698,1.9,3.5,0.542857142857143
"Vilanguchalli",40.8,376,0.992470121,0.000750176171658341,57.137588025,2016,2.6122510433197,6.43999985605478,2,1,0.388791593695271,1.9,3.5,0.542857142857143
"Vilanguchalli",40.8,376,0.992470121,0.000750176171658341,57.137588025,2016,2.6122510433197,6.43999985605478,3,1,0.373451327433628,1.9,3.5,0.542857142857143
"Vilanguchalli",40.8,376,0.992470121,0.000750176171658341,57.137588025,2016,2.6122510433197,6.43999985605478,1,2,0.350018960940463,2.1,4,0.525
"Vilanguchalli",40.8,376,0.992470121,0.000750176171658341,57.137588025,2016,2.6122510433197,6.43999985605478,2,2,0.385388480865868,2.1,4,0.525
"Vilanguchalli",40.8,376,0.992470121,0.000750176171658341,57.137588025,2016,2.6122510433197,6.43999985605478,3,2,0.344173441734417,2.1,4,0.525
"Vilanguchalli",40.8,376,0.992470121,0.000750176171658341,57.137588025,2016,2.6122510433197,6.43999985605478,1,3,0.32540675844806,2.1,4.5,0.466666666666667
"Vilanguchalli",40.8,376,0.992470121,0.000750176171658341,57.137588025,2016,2.6122510433197,6.43999985605478,2,3,0.372192099147947,2.1,4.5,0.466666666666667
"Vilanguchalli",40.8,376,0.992470121,0.000750176171658341,57.137588025,2016,2.6122510433197,6.43999985605478,3,3,0.371373924131336,2.1,4.5,0.466666666666667
"Vilanguchalli",40.8,376,0.992470121,0.000750176171658341,57.137588025,2016,2.6122510433197,6.43999985605478,1,4,0.351501305483029,1.9,4,0.475
"Vilanguchalli",40.8,376,0.992470121,0.000750176171658341,57.137588025,2016,2.6122510433197,6.43999985605478,2,4,0.373525073746313,1.9,4,0.475
"Vilanguchalli",40.8,376,0.992470121,0.000750176171658341,57.137588025,2016,2.6122510433197,6.43999985605478,3,4,0.268079800498753,1.9,4,0.475
